X1,X2,Y,KFold1,KFold2,KFold3,KFold4,KFold5,KFold6,KFold7,KFold8,KFold9,KFold10
2.90716256424844,1.30297695257909,1,0,0,0,7,1,8,3,1,1,2
2.1448768896077,2.88955759912534,1,9,7,1,8,1,3,0,5,4,6
0.235469262855843,3.08549377611424,1,8,4,2,7,7,0,5,6,1,5
-0.457432502742585,1.19801618724712,1,5,4,8,5,5,7,6,1,5,9
-0.0934688809447211,1.14377360239463,1,6,9,5,3,9,2,3,5,3,1
1.29524121849255,1.00163657338884,1,4,6,7,5,0,2,0,3,0,2
1.00688594231341,1.58910962380138,1,7,3,0,6,0,4,7,5,4,7
2.15741088552627,-0.772907162473437,1,9,4,0,1,7,8,4,6,2,3
3.13463789061004,0.596844691128123,1,5,6,4,4,1,4,7,6,7,4
1.23784461314741,0.979408503802633,1,6,7,9,8,9,4,8,5,4,6
-0.285127356865608,1.15726493639812,1,8,6,3,9,9,6,5,9,7,1
1.03482724672284,1.0714548170834,1,3,4,8,3,4,7,0,7,7,7
2.57029534239742,0.779254245832034,1,6,7,6,1,3,7,0,4,6,0
1.15801005093588,2.59805550407193,1,5,6,5,6,1,2,4,3,2,6
0.254200528151088,1.10968454059005,1,4,0,1,6,8,3,0,9,4,5
-0.0688029661677509,2.50053464476085,1,8,2,1,7,7,1,7,2,3,6
-0.627437928860251,1.71427219341549,1,1,2,9,9,4,8,6,8,4,2
-0.0685816386189504,1.5839439105926,1,3,6,6,3,9,0,1,9,2,2
0.974160293573409,1.93748183338878,1,5,5,2,9,5,1,1,4,4,3
1.31957638666616,-0.319054124636532,1,3,1,5,1,7,8,8,3,6,7
0.42511878227765,-0.258413281192645,1,1,6,9,4,7,8,0,8,0,2
-0.151900001007145,1.90276268591107,1,7,3,2,9,7,8,8,5,1,9
1.0870685345575,-0.571626691002801,1,0,5,9,7,5,1,6,1,5,1
0.929819246298339,1.2885552645171,1,2,5,1,6,7,2,4,5,6,9
-1.9983040143072,-0.267503000300916,1,2,5,7,6,1,1,8,8,4,0
-0.223994909969969,-1.18544109271212,1,5,1,4,0,1,5,7,5,8,8
0.00292522736842216,1.54481624007063,1,5,5,0,5,3,0,7,8,6,0
1.33571389605479,0.487287561283941,1,2,8,7,9,5,4,8,1,2,6
2.29534374270385,-0.197221660797728,1,6,0,4,0,8,5,6,4,3,3
1.32775994407113,2.52188835000897,1,3,0,0,7,0,5,0,6,9,7
0.847954788478728,1.14745666150477,1,3,3,8,8,7,0,3,6,2,4
0.0410541483659658,-0.869285312319295,1,3,0,6,3,3,2,0,2,6,0
2.8582198358107,0.214743159006613,1,7,0,0,4,8,9,5,4,1,8
-0.574764702983431,1.87483803087842,1,2,0,6,6,2,2,3,5,4,8
0.601852028926707,1.51993511978677,1,0,1,2,5,1,5,7,8,1,8
1.9686850260358,-0.206177299351753,1,3,6,3,0,9,4,8,7,2,8
1.67118912079689,1.31831066139913,1,4,2,5,3,4,6,6,5,5,2
1.67889103652314,0.372151195931192,1,1,8,4,9,3,7,0,6,3,2
0.826038683129278,0.634987791555836,1,2,6,4,6,9,5,7,3,1,7
1.78902924642744,-0.00336687355528875,1,6,3,3,1,3,6,4,2,3,2
-1.01358632738333,0.468645678685494,1,4,8,2,4,8,2,6,2,3,6
0.731049005194506,1.37049567270625,1,1,9,3,0,3,9,6,5,3,7
2.42162524149251,2.49671896849516,1,1,1,2,4,9,1,8,9,6,3
3.29364889587613,-0.00962124479649273,1,9,0,6,5,1,8,5,2,8,5
-0.497465541051028,0.059808686496304,1,0,6,9,6,2,5,7,9,5,0
-0.0800499495834923,-0.252730720301207,1,0,8,6,9,5,9,0,9,7,6
-0.762525260870297,1.03520048888732,1,9,9,6,9,8,2,3,7,3,8
1.43779059505068,0.513835878185844,1,9,2,4,6,7,8,2,0,8,6
1.34435144535209,2.56034933067064,1,1,4,4,6,2,8,6,0,9,1
0.595964242999847,0.468865272137389,1,6,8,9,4,5,7,2,5,8,9
0.522088346897822,0.276944354921048,1,3,1,6,6,3,6,9,1,4,9
1.17561361732339,1.26155436397545,1,2,8,0,7,3,0,5,0,1,2
1.79188744530053,-1.19252369845769,1,3,9,9,5,5,3,7,5,5,3
-0.258682800948606,1.05411538553162,1,7,5,9,9,2,0,6,1,2,0
2.69309524996277,0.320601701242217,1,5,0,9,4,7,4,9,3,4,7
1.86148679850882,0.267205265498262,1,0,2,4,8,1,4,5,5,7,1
1.33507416366404,1.19911331741662,1,8,6,7,4,4,8,9,5,3,6
2.10311431474025,3.15413690262406,1,0,8,2,9,7,0,8,8,4,7
1.41834589044089,0.886451142351025,1,6,6,6,5,8,2,8,1,8,2
2.02285202646367,-1.09959096869608,1,1,0,2,7,6,7,4,1,0,3
-0.128991584958924,1.77410815822,1,5,4,9,8,6,3,9,8,2,1
1.45223894273112,3.00116046092922,1,9,1,4,3,8,9,1,0,5,4
0.740296053084628,-0.0587347901131381,1,2,7,7,5,6,1,5,7,0,4
3.66585016357266,-0.778499909959326,1,7,1,1,8,6,0,5,6,6,3
0.294848786440175,2.34452485994974,1,0,2,7,8,0,0,2,9,6,1
-0.487830798652874,1.26347201450065,1,6,6,0,4,6,3,1,5,8,3
1.35576861957877,1.55639524507695,1,4,9,8,9,5,6,9,9,2,4
0.862276923032311,-0.274399012694648,1,1,4,8,2,6,7,1,0,3,2
0.330897085678746,0.539646907770927,1,0,4,7,1,1,8,5,3,8,4
1.56058975296545,0.299020076255582,1,9,4,1,2,7,3,3,6,8,2
0.637207397553966,1.28377574276289,1,6,2,1,4,0,2,9,2,3,6
1.73461014676507,0.518397587134493,1,2,8,3,3,4,6,8,9,2,8
0.0679976023913089,0.580147348299404,1,7,9,9,3,6,1,7,3,9,6
1.78888410833626,-0.118640872138558,1,4,3,3,0,0,3,2,4,5,3
1.60384466896844,0.470248644908963,1,0,2,2,2,0,2,5,8,1,1
0.74924368377133,1.10766586557848,1,8,0,5,9,3,3,3,0,3,8
0.460284955170222,1.40431127112154,1,4,4,2,1,7,2,1,7,2,9
0.58821222160564,2.85580395567179,1,0,8,8,5,7,1,2,8,2,1
1.64196207804896,0.010515947881317,1,2,3,0,9,4,6,0,4,7,5
2.89088564397012,2.48389390028471,1,4,8,3,3,0,3,4,1,1,8
3.29876972941144,0.180676490154596,1,0,7,1,2,4,3,7,3,7,3
1.63098276302208,0.690243714620118,1,6,1,2,7,0,9,0,4,1,2
0.625526073867744,0.222511330368544,1,1,8,0,2,5,4,2,8,6,5
1.40187928102111,0.516538652417256,1,2,8,8,4,5,3,7,3,1,5
0.401064751819217,1.9351853221638,1,5,7,1,0,8,1,1,9,7,0
1.85098429530215,1.82561383838505,1,3,5,2,7,0,9,0,4,4,5
0.949101756690378,1.48603374791908,1,0,7,3,7,5,6,3,0,3,1
2.02218602243409,1.02051479343575,1,3,9,8,8,4,3,7,5,8,8
-0.758561967244242,0.863979025070224,1,1,2,8,0,2,5,4,2,1,2
-0.616529382485443,2.11737750269286,1,8,4,4,1,7,4,6,2,4,8
0.537591477001308,1.60845611200377,1,2,7,9,1,2,0,2,8,5,9
0.430049596701476,2.38442530160679,1,6,3,4,5,4,8,8,7,6,3
2.41049259909808,1.28423465353913,1,7,3,4,4,8,8,6,9,5,9
0.998682763395299,1.3301566944034,1,7,2,4,3,6,7,0,0,7,4
0.352644710634137,0.624676732414912,1,5,4,8,1,7,3,0,2,4,7
1.57067064575173,0.559309411108138,1,5,6,7,7,6,6,0,7,4,5
0.713379898373723,-0.356796372526047,1,8,6,1,9,9,4,7,3,1,0
2.22077188468498,1.76922949657992,1,1,3,3,1,6,8,5,0,0,6
1.80082141671199,-0.728460539108815,1,5,1,9,8,2,1,0,9,2,8
0.501093558525369,2.28272610205891,1,5,5,2,7,8,6,9,1,7,1
1.44197317264345,2.3904503147447,1,8,4,5,7,4,0,5,4,2,4
2.63387659805199,0.763022968692505,1,4,4,6,7,8,0,7,7,5,3
0.868623918509443,0.621508995421537,1,2,7,2,1,5,6,2,9,8,1
1.16805926481186,-0.312187915271302,1,3,7,7,8,2,5,0,7,3,3
2.0169366415061,1.00849320894505,1,6,6,1,5,2,4,4,8,2,1
1.11310651072745,1.40555158125458,1,3,6,0,8,7,2,7,0,1,3
1.06535832952496,-0.519445658961276,1,7,0,9,4,3,5,1,7,4,8
1.26149113989894,0.0453888524669878,1,1,0,8,7,7,5,9,6,0,9
1.51295950730495,2.21110482709241,1,6,1,2,9,0,0,3,1,2,1
0.718597268408856,0.661433088820718,1,7,0,5,5,0,3,9,8,7,9
0.849755134631368,2.64866557042162,1,9,0,9,6,3,5,7,1,2,2
2.32041826654116,-0.232946595063139,1,7,7,2,4,9,5,5,3,9,4
0.809058126391712,2.75365074907208,1,1,7,1,8,7,4,6,9,8,0
0.289398034766921,1.38598383864416,1,1,4,2,8,3,0,3,0,7,3
2.85945200780104,1.87210879867686,1,6,5,2,2,3,4,8,0,6,5
2.26209752265422,0.207670937032648,1,7,1,5,2,6,7,1,1,9,0
1.64552435994156,1.55890989579142,1,4,2,4,7,2,0,7,0,9,8
1.87087014086366,-1.08049524777532,1,1,7,2,3,9,2,3,8,0,3
0.691778147228973,0.375021695079663,1,8,0,8,7,5,6,2,9,7,9
0.58170599734371,1.0481359311116,1,3,5,2,9,8,1,3,7,6,0
1.135267932921,2.33102972668695,1,8,5,0,6,0,3,6,6,5,2
-0.478947089566783,1.80731987068893,1,9,6,7,4,4,6,8,8,6,4
-0.124287040960656,-1.09002072040905,1,0,1,2,6,1,3,9,7,2,6
1.48293336601998,0.170305525640967,1,3,6,0,3,1,4,9,6,3,5
1.7703610946294,0.515525504904992,1,4,4,1,0,5,8,8,9,6,6
0.711484504305217,0.896497088218912,1,6,7,6,0,5,3,4,8,3,8
1.01014779513887,0.26858935762078,1,0,5,7,6,6,2,4,2,4,6
1.40004634142778,1.24694930424026,1,1,9,0,3,8,2,4,9,4,5
1.7841327405125,0.559924568028487,1,8,5,6,6,8,7,4,7,2,3
1.43712418717391,0.0635032972451579,1,0,1,2,0,7,5,2,7,0,6
1.92828869821379,1.04196202309482,1,8,3,9,1,1,1,5,0,0,9
2.14872301639911,0.372967114880423,1,8,4,7,0,1,9,4,3,6,3
0.916889887849093,0.99071637384559,1,9,3,8,9,7,1,7,2,0,0
0.66075575047548,0.495065716190052,1,7,8,7,2,8,7,3,3,7,4
2.79872967206734,-1.18576567533587,1,6,0,9,9,3,6,1,5,8,6
1.21159370548176,2.13079915926885,1,9,5,6,4,5,6,9,8,8,9
0.130673413586089,1.10968307073419,1,7,3,6,8,1,8,0,9,5,6
0.719097290398451,1.3029258236942,1,5,6,6,0,9,9,9,8,6,8
1.4220745201768,0.863128551882567,1,1,3,3,8,2,3,4,0,4,8
1.18758088554456,-0.337705255965844,1,8,2,9,5,5,2,0,8,1,9
0.560965032187202,0.0186830773689058,1,3,0,3,0,1,8,8,6,2,1
-1.15466267156784,0.773860633019596,1,6,9,8,3,8,5,3,6,1,1
-1.25769565493829,0.0763323763606968,1,6,4,7,4,6,8,5,5,4,1
1.16414824371563,-1.42502703945809,1,7,3,3,4,5,5,3,1,3,6
0.225454613420748,0.596778566752163,1,9,3,7,8,4,1,7,3,4,2
-0.558588030203325,1.77275837112013,1,2,0,4,3,8,6,6,9,5,2
0.463078014626905,0.288834716455532,1,3,9,1,4,0,3,1,4,2,7
0.298626210732749,1.35481693846261,1,6,6,0,4,5,9,0,2,5,7
0.687300613019404,0.398743332387476,1,3,7,4,9,4,9,0,5,6,4
2.87559046088866,-0.105288485630476,1,8,4,2,9,0,6,3,4,1,9
-0.553085897876833,2.50733752643658,1,5,2,5,9,4,9,7,8,9,7
0.07219535223331,2.07055788074106,1,8,9,5,5,7,2,3,7,0,6
1.33262974727837,1.41130733103378,1,6,6,8,8,2,6,7,9,4,9
-0.0210363685595574,1.45239819191813,1,7,3,0,6,6,9,2,2,7,6
1.69613077428705,2.69161607988441,1,4,8,9,1,2,9,5,3,9,5
0.927273685109357,0.686581250659438,1,8,1,8,7,9,0,6,1,1,1
1.95096060560245,0.482376473399545,1,9,1,2,2,0,3,8,8,8,2
-0.40638748150861,0.872141247417356,1,4,1,6,6,4,2,8,4,8,5
0.741240758884692,2.73403739937915,1,3,7,3,1,6,2,2,8,8,0
2.29273457481337,1.97082234807942,1,7,1,9,4,3,7,0,0,7,0
1.81845964196506,1.1400430419772,1,6,3,3,0,3,3,1,6,9,8
1.1021920698091,2.48251676886306,1,4,8,7,1,6,8,6,9,1,1
2.32875204270937,0.685521602905086,1,2,1,0,0,1,3,2,8,9,4
1.48675983301726,1.03358988659295,1,8,7,0,3,9,5,6,4,8,4
-0.0513220689409424,1.19222561486772,1,3,8,6,2,0,5,7,9,4,4
2.76504522614093,-1.6691359970484,1,9,0,7,9,5,5,5,4,7,5
0.731267550358197,2.09480136197125,1,3,5,3,1,8,6,3,4,0,8
2.67052033223389,-0.318631225565668,1,0,3,0,6,7,6,1,0,3,5
0.0503857498272208,0.633779121391364,1,0,4,3,0,0,2,1,9,1,8
1.68084082915709,1.21884550185774,1,5,4,7,0,3,6,4,8,9,1
1.6035685160484,0.479638272874491,1,5,9,5,2,8,2,4,9,1,0
0.389607679882536,0.513876997861716,1,7,3,3,5,0,6,1,7,9,9
1.20434800671754,-0.00266770087383894,1,2,3,1,3,1,8,9,6,1,2
1.20461995935959,-0.705255700540886,1,7,7,9,7,5,3,2,7,0,3
0.61289025830609,0.859701456785919,1,1,0,7,6,5,3,9,2,5,2
-0.156415002134922,0.88880278301191,1,2,6,0,1,2,1,5,8,1,8
-0.674265175556665,1.58294155788608,1,0,6,0,1,0,7,5,4,2,1
2.17647389728035,1.48387009337444,1,0,3,1,9,0,8,1,9,5,4
1.41166888481462,-0.100825325765493,1,3,3,8,0,2,6,7,2,9,2
1.27727600822054,-0.661296153174884,1,1,9,4,0,2,7,4,3,9,7
1.3021032205338,1.82353312618199,1,0,5,6,5,9,7,2,0,3,2
0.360755223414332,-0.0494212339396713,1,0,9,2,5,6,1,2,8,0,0
-0.308090324414252,1.9280124434786,1,2,2,7,2,4,6,0,1,1,1
0.400467449908612,1.7865120729533,1,3,7,3,3,6,9,7,7,6,1
0.920307329036047,-1.0291109357771,1,7,1,7,0,3,4,4,8,9,7
1.11724633052729,1.68387464701426,1,5,3,0,0,1,8,1,5,0,9
1.56658284749221,1.24750561055142,1,7,5,7,4,8,8,8,6,9,3
1.80001041038834,0.436356734323836,1,4,8,4,0,7,4,7,9,5,7
0.519384096651083,-0.731157928719929,1,2,2,0,2,7,4,2,4,0,7
1.21323310203592,1.46005117112036,1,4,2,9,0,3,7,9,6,1,7
2.75607544065846,1.11988963143972,1,0,2,6,2,0,3,8,6,5,4
2.04506129252189,2.21775512732865,1,1,6,5,0,5,7,0,6,2,0
-1.53942252827555,1.30821562260913,1,5,1,3,4,9,9,8,8,9,5
0.416782276962226,1.12185421168077,1,6,8,1,9,1,4,5,7,9,7
1.58791556164313,1.79848420321513,1,1,0,2,8,5,6,7,1,1,5
2.09230203377048,1.34983379862617,1,8,1,0,8,0,7,1,6,5,7
1.71094214229105,0.666059244319396,1,7,8,7,3,5,6,5,0,5,1
1.08896238319347,0.682620473894327,1,9,8,3,9,4,6,9,1,7,7
3.55145845924286,0.141605374279958,1,7,2,2,0,2,0,1,2,6,5
2.57112332630402,-0.816683361593835,1,9,3,4,4,3,6,6,9,9,6
0.546200017574418,-1.60031068705364,1,8,7,4,4,3,7,6,3,2,3
0.592113288649283,1.5547078611676,1,9,0,3,7,3,9,4,2,5,7
1.18792486784405,1.63929152893618,1,8,5,1,8,9,3,7,5,9,7
0.0991742675581182,1.33036908270469,1,6,7,3,1,6,8,6,1,2,3
2.24791896818055,1.04150129399458,1,3,6,0,5,0,6,1,7,6,1
0.651697672421545,0.370297600493739,1,3,9,0,2,7,6,4,2,6,9
0.0664094770538937,0.55696902080007,1,5,0,5,1,7,7,0,2,1,6
0.0419137570048441,2.08206194243786,1,2,2,6,5,7,9,3,6,5,7
-0.0186299387548758,1.20535688377506,1,0,9,6,7,0,3,9,1,9,3
0.643708401946494,1.63614266346978,1,9,3,7,5,2,8,1,8,3,6
-0.157054248927177,1.97579030867433,1,9,5,8,0,1,5,8,4,2,7
-0.829607221836229,1.51285391829691,1,2,0,5,4,0,8,9,8,2,5
-0.667878681221703,0.624851958610579,1,3,7,3,8,2,4,9,3,1,0
0.288686224961422,2.16486288739448,1,2,1,1,5,1,0,9,8,8,6
-0.311005650175907,-0.332162196494133,1,1,5,5,3,2,7,4,3,9,5
0.567852265269082,-1.19199190562224,1,9,5,3,3,4,4,3,7,7,8
-0.111338718790383,0.609594160012672,1,3,4,0,8,3,4,1,6,4,9
2.61341659025409,3.0722258627826,1,7,9,4,7,7,7,3,2,2,2
1.86173763897205,1.09221163695648,1,8,8,9,6,8,0,5,9,7,9
0.0519465870492712,0.0385226114399592,1,6,0,3,2,0,0,6,2,7,6
2.749868289802,0.362829507051501,1,6,6,4,7,8,5,5,7,1,6
0.835450175669155,-0.292329832441403,1,5,2,6,5,7,8,3,7,5,1
2.31093095000613,0.165393573256141,1,5,9,4,8,0,5,6,1,9,8
4.00611101455317,1.00852655205233,1,7,0,0,3,5,5,2,3,8,8
1.68880056662229,0.765803365863039,1,5,5,4,9,8,9,3,5,3,7
0.960076237032151,0.259895581463702,1,7,2,3,7,9,6,1,7,2,7
1.20865573135381,-1.25459301522332,1,1,6,2,1,8,5,7,9,4,8
-0.0146758848487722,0.800350451662089,1,4,1,5,8,6,6,6,8,0,4
1.38013901212369,1.26750290053313,1,9,9,4,9,9,8,2,6,4,8
0.967626581779383,2.65906930515457,1,2,7,3,4,6,4,5,6,7,3
-0.0256176115827971,0.233917983766248,1,8,5,8,0,7,8,2,8,9,3
2.08681681592899,0.129263679220175,1,6,6,8,4,3,9,0,5,2,6
1.52384618878009,0.392685092283672,1,3,7,8,1,6,8,5,2,6,2
1.91667943915993,0.787145511903449,1,4,6,5,8,7,9,2,3,1,3
1.26513124773515,0.62771731051155,1,0,6,6,3,1,9,6,3,7,9
1.81005615957394,1.07858357424323,1,0,7,2,2,2,5,1,6,4,7
1.54794443168265,1.37323315799297,1,7,3,3,1,8,5,9,8,7,5
0.817722509362759,1.19778844848112,1,1,6,8,7,6,5,3,3,5,5
2.00639761891928,1.55010731591773,1,6,5,7,1,0,4,9,0,8,5
2.40984329969439,0.382909445159187,1,8,6,2,6,9,4,6,3,5,0
0.216611127116195,1.81996737543008,1,7,6,8,5,1,4,3,6,4,1
0.869566530945187,2.21288193071394,1,2,5,9,9,4,4,6,6,5,1
1.94468702273393,0.167164080660123,1,3,6,1,8,2,7,0,7,1,2
-1.2356488475639,-0.0740700531237923,1,2,4,1,6,1,7,6,5,7,6
2.79649509535842,0.0442729131489212,1,8,2,7,1,4,9,5,7,1,9
1.03810949088013,1.4822936075945,1,5,4,5,1,0,1,8,3,9,3
1.68222909944541,1.09288098560433,1,4,9,5,8,2,8,6,2,9,2
1.09768405533608,-0.181462230123699,1,9,8,4,3,4,2,7,2,2,6
2.34725379562567,1.45849345107449,1,2,2,6,0,3,0,0,8,5,0
0.468519670801646,3.01422332708347,1,3,1,5,6,9,6,0,8,5,8
1.61135689905186,2.11790539296361,1,3,8,0,1,4,5,2,5,9,8
0.296391830856955,1.51860364619116,1,8,8,9,3,2,9,0,4,0,4
2.12319347159807,0.108650134621266,1,4,8,6,1,4,7,3,9,7,1
0.966433059779728,1.15857797201287,1,3,2,7,1,2,7,3,4,0,1
3.72045666697881,2.98681360897979,1,6,4,8,5,0,3,0,0,4,3
1.0056432475193,-0.296794676641204,1,9,3,0,1,4,3,5,4,7,8
0.165340754547147,1.18897885781787,1,3,0,9,4,6,2,5,1,3,2
1.26495165573113,1.11358116998929,1,0,2,3,2,6,0,5,1,8,6
1.42473238302871,-0.322408150555422,1,6,6,2,2,0,2,9,9,3,4
-0.0627117937907655,-0.289422041005866,1,3,5,3,7,5,1,5,5,5,1
-0.251823351336471,-0.367947072701782,1,3,0,7,4,4,7,6,3,1,6
0.618806103563727,-0.327348890081077,1,3,2,8,4,8,5,2,4,1,7
-0.59271832999341,1.15386371667784,1,2,5,6,1,9,8,4,2,3,3
0.895050415630882,0.990983547049546,1,1,0,8,6,5,1,6,5,7,4
0.802769550683885,0.711602057310777,1,9,4,1,3,0,0,5,5,2,8
0.767444197921357,0.441693186069323,1,7,6,4,8,8,9,7,5,6,0
0.886450038384713,1.49665492482621,1,1,2,2,9,5,0,1,8,0,2
0.424127810119417,1.93161104197156,1,5,6,6,3,8,1,7,1,1,8
-0.693323078884741,-0.901004967370018,1,9,4,5,8,0,4,1,1,1,8
0.437377626735977,0.370534546864407,1,7,5,9,0,8,7,3,7,8,4
0.0899183356824146,0.999436913684161,1,4,6,9,4,3,1,7,6,2,4
-0.766044073572182,0.997496119617299,1,1,6,4,9,9,3,3,0,6,7
-0.127456700896813,-1.09362691281543,1,7,7,3,1,4,2,1,4,5,3
1.68359956183468,-0.523618840905035,1,2,5,1,3,7,0,0,1,9,4
-0.268468299843942,1.67235304376621,1,0,5,9,9,4,7,8,2,6,9
0.56525523824273,0.625803920702959,1,2,1,9,4,2,7,4,2,7,7
1.1492430609167,1.17675669297755,1,2,7,3,3,3,2,6,4,1,3
1.25042026302572,3.6916195805623,1,6,6,7,4,6,0,2,7,7,6
-1.4218915955172,0.660668344695392,1,8,0,5,8,4,0,6,9,4,2
1.03437292691245,1.15319607105977,1,2,8,1,5,0,4,3,4,9,5
-0.167703863128757,1.39596267189758,1,2,1,4,1,9,0,9,4,7,4
0.684705500611326,1.78529838823924,1,9,9,0,7,4,5,2,9,3,7
0.380107772017545,1.33617417816211,1,5,4,8,5,4,7,2,0,6,7
1.73887628165812,0.37618937118885,1,8,4,4,6,0,5,5,3,5,0
0.649617844012416,1.16840113116861,1,1,7,7,2,9,2,8,3,2,3
0.339953504091428,2.25828383173821,1,8,6,9,9,5,4,0,4,9,9
1.98257169697837,1.26946189921224,1,6,7,9,5,9,2,1,5,4,9
3.11831731149081,0.544086632726057,1,5,9,5,0,5,8,1,8,0,6
0.686029354521423,0.465453386397485,1,8,7,2,6,4,1,4,0,1,8
0.361386566510432,0.685630607782604,1,7,3,2,2,0,5,7,4,7,0
-0.197019397330094,2.23521521690663,1,6,4,4,5,2,5,5,9,7,6
2.17742066654678,2.17898418366845,1,2,0,5,7,5,5,3,1,9,2
2.20208990688348,1.13257275716448,1,8,2,2,0,9,9,3,1,6,3
-0.554591735394144,2.05639823384439,1,5,9,2,2,7,6,2,1,9,2
2.30406621053754,1.40678733420332,1,6,7,1,1,1,5,2,3,0,9
1.37680686647713,0.739949765454008,1,5,3,9,1,1,6,1,4,6,8
0.502604032547663,-0.352574503226369,1,4,1,6,6,9,3,3,4,4,3
2.38174082450862,1.39979172348115,1,9,9,8,2,8,5,8,0,1,0
1.63710293416515,1.45022436548832,1,4,6,1,8,5,3,0,9,5,0
1.34351394767636,0.805763672905448,1,5,9,2,3,3,9,5,5,9,4
-0.740711244057613,2.26785423368799,1,5,9,4,7,3,0,6,6,4,5
-0.448710956169919,0.988081733984423,1,2,5,1,0,8,0,6,1,5,4
1.0540680040531,3.17461769318636,1,8,3,5,2,4,2,5,9,1,6
2.28680983632597,-0.909922818716051,1,6,9,4,0,1,0,8,8,5,0
2.40796964024424,1.20148663429285,1,9,8,7,2,2,2,0,1,3,6
0.421475968319994,0.594958350803231,1,0,5,1,5,5,8,9,6,3,6
0.227347460610813,-0.170323734753973,1,4,2,2,1,9,3,0,5,0,7
0.316752973411258,-0.032325968273597,1,6,8,2,1,7,4,7,2,3,2
-0.165246682199403,1.56286312419613,1,1,2,2,5,9,2,2,5,2,4
-0.423052817576798,2.28524336798351,1,9,8,2,6,2,6,5,7,6,3
0.329261345103,0.0150909460673947,1,0,4,4,9,9,0,4,0,2,6
1.21158852623187,0.246732442419339,1,0,3,4,9,6,8,9,6,5,5
-0.488071967507132,1.38574265350396,1,3,8,8,3,5,6,2,1,0,2
0.191237827180287,1.87788382312005,1,7,1,9,7,7,6,8,3,8,2
0.802005038149883,0.298177869834736,1,9,0,5,1,8,2,2,5,7,2
2.30022366786604,1.60502813138273,1,2,9,8,5,2,4,7,8,2,2
1.54015338389003,-0.476257390733232,1,2,2,1,0,1,7,3,1,3,0
1.07446570984706,1.12484328085878,1,6,6,6,1,0,0,5,3,1,6
2.23311084775702,2.10361368836011,1,6,2,9,3,1,1,3,6,6,4
1.651351655962,-0.073664368008403,1,3,7,5,2,5,3,8,9,1,3
0.113598798664249,0.955022186936246,1,5,4,9,3,7,4,4,7,7,6
0.598927584706759,-1.04145399840648,1,9,6,8,3,4,1,7,0,0,0
-0.761987841418423,3.05434084622379,1,6,5,9,7,0,4,3,8,1,6
2.91308349733639,-0.137673103273632,1,2,9,3,3,3,4,4,5,2,8
-0.482537245485365,0.150075316833324,1,1,0,3,4,9,8,3,4,4,3
-0.479050502446387,1.33199398908061,1,5,7,5,3,6,0,5,5,4,6
1.88939122612688,1.55198655156593,1,4,2,7,0,6,7,5,9,1,1
1.92945511695465,-2.1484329442199,1,1,0,5,2,5,2,0,3,3,8
-0.388852868709163,0.728572857931383,1,4,3,7,5,7,9,9,0,7,5
1.33043288399728,2.5041529062773,1,4,5,1,8,8,0,5,8,0,0
-0.694887006105626,1.24689664609776,1,4,1,3,0,4,3,6,6,4,6
1.75375822619164,0.595282452353797,1,1,4,1,9,7,3,7,8,5,9
1.42189364425595,1.35615810834674,1,2,6,3,1,4,7,9,2,4,3
1.25294973496765,1.0305841945169,1,6,8,0,0,5,2,8,4,6,5
2.19619270937362,0.56489383702251,1,7,8,1,6,8,3,5,7,9,0
-0.42393270932707,0.874650792445504,1,4,3,6,2,2,7,9,5,2,3
-0.30275394551976,0.544844499991287,1,5,9,8,1,2,2,7,1,8,0
0.44877770232941,-0.289615177803268,1,0,1,2,3,3,9,5,7,9,2
-0.108882132794374,1.23607172643262,1,3,9,9,8,6,5,3,0,9,7
1.36605628243288,1.60941603231641,1,2,5,2,4,3,4,1,1,2,1
-0.522634235897045,0.596596163256088,1,1,6,3,7,0,8,0,7,7,6
0.630711457858068,1.81675364883692,1,8,9,4,2,6,3,0,5,7,1
-0.564838769073724,1.71429052483252,1,5,3,7,8,9,8,0,2,6,7
1.33368083281229,0.932050462653439,1,1,8,6,5,4,1,1,8,0,7
-0.0215211575381,1.29595779920924,1,1,0,1,8,4,6,7,1,8,7
1.86995040504724,2.12855619684862,1,8,4,4,2,6,4,9,3,1,3
1.92740396712084,1.69409433740377,1,7,0,9,2,5,4,9,3,1,7
2.82509151096343,1.2943913525943,1,8,1,5,8,5,7,5,5,3,7
1.76192642366935,1.38134131516761,1,5,1,6,7,4,2,4,6,1,3
-0.617222459725583,0.693108185794135,1,7,3,0,1,5,6,2,8,5,6
0.364320205041283,0.754684691258947,1,6,0,0,2,8,2,4,2,5,5
0.105293818817086,0.988320228217147,1,1,7,9,8,1,8,2,1,6,1
1.24877546302373,3.78805439227846,1,7,9,9,6,5,2,1,5,1,5
1.17341734962682,0.626957414805452,1,7,4,8,9,3,5,9,2,9,9
1.60910831479984,0.547247499007877,1,7,7,4,3,3,9,4,0,3,6
1.63240054402005,0.0238676903177258,1,9,6,7,7,4,2,5,1,1,6
0.0441894982130233,2.85947006656839,1,5,8,5,7,8,7,2,9,4,3
-0.388322328907133,-0.169932075767243,1,4,0,5,9,5,7,9,4,3,9
-0.375037920996329,-0.222977147769762,1,3,8,9,1,2,5,2,2,7,1
1.55128425642367,2.17017383741297,1,4,9,4,4,3,6,7,4,8,9
0.357702158843504,1.96084605435205,1,9,0,0,6,4,1,5,9,3,3
1.81658669545898,-0.89338224783576,1,3,2,6,3,7,7,6,5,9,5
0.103544059564424,1.94400439040759,1,4,2,1,1,3,4,0,7,5,5
0.261265924821743,1.5124729564709,1,9,3,4,9,1,8,6,0,2,2
0.696064566547121,0.662376399255732,1,0,3,7,4,5,4,5,0,5,4
1.19169249654287,1.20776333464062,1,8,7,5,2,3,4,2,0,8,5
1.11826545885537,1.8422830848624,1,3,6,8,9,1,6,2,1,4,7
2.73051860578021,-1.13941701598521,1,6,2,2,8,3,1,7,7,2,4
-0.509453964003893,1.03483734474452,1,3,7,0,9,3,1,8,4,7,2
1.51931238856279,2.16703502823125,1,7,9,6,6,2,1,8,4,8,2
1.44489556680372,1.05232318213111,1,0,3,6,2,0,3,2,6,7,9
2.12742325115733,1.20783888507933,1,1,8,2,4,3,0,8,1,5,0
1.46181611744848,1.06711419767177,1,9,5,2,7,0,9,5,3,3,6
0.713728680496067,1.27383445233448,1,3,4,0,5,4,6,1,5,5,2
1.83471075213844,0.249488970887072,1,2,2,0,5,6,8,1,5,9,7
0.620532967998473,3.83594373227204,1,5,0,0,7,7,8,2,1,2,0
2.68705906856115,2.46344880265213,1,4,3,0,2,4,8,0,5,8,3
4.02876780064345,1.25480008331109,1,3,1,7,9,8,8,9,1,6,7
1.86548275645918,0.851359216547321,1,4,8,4,0,5,8,7,9,0,5
-0.3681620852961,1.49917893039233,1,4,9,0,5,0,6,9,8,7,9
1.39127251268921,0.452853441550796,1,7,8,8,5,7,4,6,9,2,2
0.332949442372567,1.97717108443786,1,5,2,5,3,0,0,0,0,6,5
0.918303632787154,-0.544809757814682,1,8,6,9,8,5,1,1,2,9,8
0.76998595115252,0.753873869127745,1,2,9,7,1,6,1,5,3,8,9
1.05453236411631,1.46607864749263,1,7,7,1,4,6,6,8,1,6,0
0.629445357399219,0.82261298523158,1,5,7,7,7,1,9,9,5,6,0
3.84654687621622,1.37407847183841,1,2,1,8,1,1,8,6,6,5,8
1.38161453726095,2.67752275692281,1,9,9,6,8,0,7,6,2,3,4
2.21529446461287,1.3305757721761,1,2,8,7,9,7,3,2,4,7,7
-0.538804833166914,1.97784884051324,1,6,6,1,2,2,8,4,6,1,5
-1.3106691871161,0.93447736654835,1,2,6,7,5,8,6,1,6,0,3
2.608692078367,0.0620136374891145,1,9,5,9,5,7,3,4,2,7,9
2.08066376916046,0.822026282560704,1,0,9,3,3,8,2,2,4,8,1
2.13368221769318,2.14832681728765,1,6,4,9,4,1,1,0,6,9,1
1.96319732359838,2.3460710903172,1,3,9,0,7,5,8,3,7,2,8
0.22215830909023,0.623600341675248,1,8,5,4,2,5,9,3,6,2,2
1.3377329042424,-0.0172289585990806,1,6,2,9,3,7,1,9,0,5,2
0.658033702598091,2.55640737208299,1,3,4,7,0,2,7,4,3,7,8
-0.0365952709367452,1.47292527018156,1,7,8,9,9,8,6,3,2,3,5
2.36525719248712,0.529493508574178,1,6,0,3,9,8,1,7,9,4,7
1.08880657564741,2.30526626334866,1,2,9,6,7,4,2,3,2,3,5
0.848622278075458,0.413517382823161,1,8,4,3,7,2,9,4,6,5,9
0.980779812961334,0.379904589895055,1,4,6,5,3,5,0,4,9,8,0
1.49140487678746,0.202272892359621,1,7,1,2,3,8,9,9,3,9,4
0.445350868875832,2.39995489447553,1,4,1,8,3,0,9,8,6,7,5
0.209887387589614,1.88515997305972,1,2,9,3,9,2,6,4,1,9,0
-0.0104425251833393,2.52501448339316,1,7,0,6,4,1,7,1,5,4,0
2.42845078808158,-1.17829808230089,1,8,3,8,7,7,1,8,2,9,8
1.57900338459459,0.506402370995637,1,6,7,7,9,0,2,9,8,0,4
0.925740483844097,0.714968474519265,1,8,8,0,7,1,3,7,6,9,8
2.48506407435276,0.832451905904666,1,0,0,2,5,7,7,7,0,5,9
0.812434448973198,0.128378782694763,1,5,4,4,4,0,1,1,4,0,5
0.457730812699641,0.601240584254831,1,8,3,0,8,7,4,3,6,8,4
0.518601404511084,1.17164964189843,1,1,1,9,7,9,5,0,8,1,3
1.83947513224145,0.684660389865903,1,3,4,0,3,2,3,9,9,2,1
3.21699927055412,2.15052827971631,1,9,2,7,8,8,1,4,0,9,2
1.93325873935167,1.9833787462186,1,9,0,5,5,9,7,5,7,5,3
1.00250515097014,1.04750022384127,1,5,0,6,7,6,1,1,0,6,5
1.4632659940258,0.821652699378225,1,0,5,1,8,0,5,1,5,3,5
2.48034308684232,1.84529307476719,1,1,3,7,6,6,3,1,5,3,6
0.660998052410494,1.18597780916412,1,1,7,6,4,3,6,7,1,4,8
1.05851045352218,-0.346663567922247,1,5,4,7,5,1,0,0,5,6,2
2.75352129431391,2.14099359641524,1,7,4,1,1,2,5,9,2,9,7
0.924033271125343,1.68492472783061,1,1,3,7,6,1,6,0,7,6,7
-0.00751790361941218,0.278871556707602,1,2,5,5,1,2,2,8,5,8,0
-0.396125326209973,0.788695896048931,1,2,9,6,7,8,9,9,8,6,2
1.55501529351635,-0.0646005031837349,1,1,4,9,4,6,5,3,1,6,2
2.21677221224061,2.02642073279762,1,5,9,3,5,9,7,8,8,9,6
3.04402911560225,-0.272718192706295,1,0,8,0,1,0,3,5,7,3,0
1.22804396670774,0.258484859375357,1,0,0,9,1,9,2,7,6,9,5
1.216928972611,1.7612441424241,1,1,4,6,4,6,3,6,7,4,0
1.35665273783661,1.18305975103834,1,5,6,1,4,5,0,1,1,3,9
1.26811927647657,0.520784494477279,1,7,7,7,9,2,1,3,4,3,2
0.692339293667655,0.528687352517307,1,0,7,2,6,9,7,8,5,5,1
-0.252246784039501,-0.0148404330390339,1,8,5,5,6,1,5,6,6,1,7
1.39085602220557,1.68348982706001,1,4,7,4,1,9,4,5,5,6,9
-0.312506663463485,0.401241579980476,1,4,8,8,0,1,7,1,1,2,8
1.25240047426265,-0.0301203819803371,1,6,2,8,9,9,7,9,7,2,3
0.163022336622185,0.671447561259546,1,5,7,0,8,7,9,9,3,3,6
1.02020765409663,2.14207497483317,1,0,6,0,4,3,4,8,1,3,6
0.515056071701907,2.16727854857047,1,1,0,8,8,9,7,0,7,0,4
1.95730849780525,-1.04514035854144,1,9,9,2,9,9,4,7,9,3,0
2.21774161420637,0.260141671250481,1,9,9,3,6,4,0,1,2,4,5
1.43290354339947,0.283485293224647,1,0,1,6,1,9,0,3,3,0,3
0.280030538358225,3.03134424472562,1,0,6,7,5,9,8,8,1,3,3
0.709758659455706,0.805780302021345,1,0,9,4,4,0,3,6,4,6,8
0.179585629061368,0.136569745761412,1,1,4,6,2,4,5,1,0,9,4
0.00243564927767592,1.1927963005611,1,6,5,1,0,9,9,5,4,0,5
0.336810175761505,0.841201741284486,1,3,6,2,0,4,5,1,0,8,6
0.702360033277294,2.46431174903698,1,7,5,7,0,0,6,1,4,5,2
0.534969108428321,1.65646016356741,1,7,8,5,2,9,7,6,2,1,8
0.727588719979807,1.07562075198107,1,7,5,7,2,4,7,2,2,7,0
1.89380356275537,2.13782376403029,1,6,9,8,5,7,6,7,7,0,5
0.415205319475858,0.422460284664357,1,2,3,6,8,3,3,5,2,6,1
-0.360323018173303,1.44999011236702,1,7,6,5,8,5,1,9,4,5,2
3.53632530401519,0.968365106990791,1,4,1,6,9,7,2,0,4,6,9
1.87551983080527,1.22039127841451,1,6,8,0,2,2,2,5,5,3,9
2.19308919502521,0.816311662510574,1,7,9,5,9,1,4,6,2,5,5
0.397198311066573,1.15910614879347,1,9,3,6,4,9,2,1,3,2,4
2.46854327319955,0.982959926852423,1,7,1,0,9,8,4,4,4,1,9
0.473990592199434,0.737207074481932,1,2,1,0,3,9,0,9,1,8,1
0.089867587463985,-0.515119782948114,1,7,5,9,8,0,7,8,4,1,1
-0.356130743200285,1.74755613982176,1,7,8,1,9,2,9,0,0,9,7
3.18317615161621,1.13125277426951,1,2,5,7,3,3,8,3,7,3,7
4.26269176085003,1.77118761443691,1,0,1,2,6,5,4,2,5,8,8
1.98728701706528,-0.408399085810789,1,6,1,8,3,2,8,5,4,1,4
0.739760367302954,1.01077464851585,1,9,4,4,5,1,4,6,4,1,3
0.258152133096521,2.32701088142776,1,9,6,3,7,5,0,0,9,0,1
0.137343450419232,-0.119952074763785,1,3,2,6,4,7,5,4,8,3,1
1.78539295684091,0.961416437360145,1,1,7,6,6,6,4,8,6,0,0
1.50137787643823,2.55459651078245,1,4,1,7,3,9,0,4,7,6,3
-0.404764033857668,2.38913589615133,1,8,3,6,5,7,2,3,9,3,0
0.314528055419561,2.53034058466668,1,7,1,8,6,2,0,7,2,3,9
0.863140391215154,1.50986962984597,1,9,3,0,1,8,6,3,4,0,6
1.04383499042888,-0.00423478609635519,1,5,6,6,1,1,1,9,5,7,4
1.76425652893911,1.38028077862275,1,9,9,0,5,0,4,7,4,1,4
2.13439675619538,1.25315463860365,1,8,2,9,2,8,8,5,0,1,3
1.38800704143447,1.82794410604753,1,3,1,2,0,3,3,5,0,2,6
1.05083646711552,1.73081772347329,1,0,3,4,5,0,5,6,5,1,7
0.820183425788219,1.01052683976279,1,8,4,0,1,2,0,3,8,6,5
0.872125820647177,-1.45673024817859,1,7,4,5,1,4,7,5,4,0,7
0.275912271174564,0.313992062083174,1,6,9,2,6,9,8,7,2,0,5
3.84626333468993,1.17153333776209,1,5,3,1,9,9,3,1,6,0,6
1.19652580644873,1.27893231199975,1,8,1,8,4,3,3,9,5,8,9
1.69632345595815,1.15191254674993,1,4,4,9,3,8,9,7,8,8,0
0.584629134945323,1.03182297840367,1,2,1,7,1,0,7,6,2,2,9
-1.0335233153917,-0.349219354681056,1,8,4,1,6,5,7,8,5,8,7
0.546856810121207,0.332886675572938,1,0,2,7,9,9,7,8,7,5,4
2.32129720625206,0.109996253932173,1,5,2,1,2,3,3,1,0,0,4
0.817172539416911,0.111305653311303,1,8,1,6,1,7,8,7,9,9,0
1.41409030153978,1.04742755293418,1,9,9,6,5,8,7,2,4,8,0
2.2226364056287,-0.066901116059396,1,6,3,9,6,9,5,9,4,1,8
0.742820894191796,-0.588705857584814,1,0,2,9,6,2,3,8,6,6,4
-0.185133418481792,2.55145857322188,1,5,4,5,4,0,0,8,8,0,9
-1.01325388550558,2.9581664194479,1,0,6,4,9,5,9,2,7,5,6
0.0703334187142067,1.79306785303927,1,4,8,6,7,6,1,1,4,5,1
-0.75073110284514,2.73453099990396,1,3,2,9,6,3,0,8,3,6,7
1.91475421798698,-0.252106088720616,1,9,7,6,0,0,3,7,3,4,6
-0.293560989350625,0.315790568229658,1,5,5,8,7,1,2,0,7,9,9
-0.031109580950192,-0.090947524603199,1,9,9,8,9,1,2,2,7,5,9
1.39939067763201,1.30099580172769,0,0,1,0,9,5,8,3,7,4,2
1.65729959924151,0.70604545940951,0,1,8,9,7,6,4,0,7,6,4
2.70152838743302,1.30939328608357,0,3,3,5,5,1,2,4,2,5,6
1.40887369290344,1.72496925208527,0,5,0,2,3,6,4,7,6,7,1
0.260854814646346,0.266925299397819,0,2,7,3,1,5,0,0,0,8,6
1.79860100562486,1.85604280167392,0,7,7,8,5,8,9,0,0,6,7
0.125881590221595,1.12890591221317,0,2,7,7,7,2,4,0,7,2,0
0.461835649118127,1.8725159253627,0,9,3,1,1,9,3,9,9,8,6
0.620480052432805,1.41400495051139,0,6,1,2,1,6,4,0,7,8,8
1.99128862199517,1.32155097128113,0,2,7,0,8,8,1,4,8,7,2
0.478629800340852,1.13475524060115,0,2,8,6,6,1,9,4,4,1,9
1.73270038269731,0.853343661416156,0,5,5,9,5,0,2,6,9,5,3
0.85283099890461,2.57598201764737,0,4,3,2,0,9,2,6,1,6,9
1.15815548700593,0.629025605520602,0,4,5,0,5,3,0,3,1,2,4
0.165509088160506,1.56742183094911,0,5,0,2,9,3,5,2,5,9,9
-0.432770944947208,1.11861595874741,0,8,0,5,3,3,1,8,0,0,6
-1.23914603907897,-0.277642863040885,0,7,6,1,2,1,9,5,1,8,0
1.09114123614622,0.977710094516853,0,7,8,5,1,1,8,0,4,8,5
0.802549017490979,0.572842352565399,0,2,3,4,4,1,9,4,1,0,4
1.65524001121145,1.96799793284447,0,4,0,7,0,0,8,9,9,4,4
1.70788154142905,0.814064611448283,0,2,7,3,3,1,2,0,6,5,8
1.69213125832998,0.779827180643199,0,0,4,3,4,0,2,7,2,7,5
3.33145542490933,1.79040657380166,0,8,9,6,6,0,2,3,4,3,6
0.89764606574014,0.954075860448096,0,9,7,5,0,0,9,6,3,1,0
2.9391466364616,2.49221793955578,0,5,7,6,0,8,4,8,7,5,8
0.698285584472186,0.849241704476666,0,2,2,7,1,2,6,1,0,2,8
2.38232497724721,1.33744554957512,0,3,5,5,3,3,9,8,1,2,4
1.4797893400091,0.0650804257900295,0,8,2,0,2,6,5,5,3,3,7
1.86256750763487,0.574817800013654,0,4,0,3,6,8,1,5,8,1,1
2.00196748155617,0.577814383736528,0,9,8,8,7,7,2,5,1,5,4
2.39506880709364,0.566389368642684,0,1,1,6,6,8,9,4,0,1,8
2.13986520063493,1.26137723782501,0,4,1,7,3,2,9,2,8,9,2
2.55360535900217,-1.03290113168311,0,4,6,1,5,6,9,4,9,7,6
2.78855542543428,0.996355273077224,0,3,8,9,9,4,1,3,7,6,1
1.31987029951885,0.635696603507906,0,5,3,3,8,1,4,0,5,4,2
1.22881867182404,1.19547293301204,0,4,1,3,9,5,6,7,0,2,9
0.919346820548251,0.394576037784935,0,1,0,8,8,9,3,7,6,8,0
2.06916343817787,2.0953989698326,0,1,8,2,8,6,2,1,9,6,9
1.16287468574904,1.35352236921368,0,4,4,1,6,1,6,3,0,3,8
1.46635592723164,0.809430320710513,0,1,8,1,7,5,4,3,0,7,8
2.29164094103675,0.443340571688968,0,8,2,8,1,2,6,0,0,8,8
-0.548709222102888,1.96496573493199,0,8,1,3,1,7,2,1,7,3,3
0.938060680311914,1.0537289877193,0,1,9,8,9,5,0,9,3,6,7
2.61232932611707,2.92548028568139,0,4,0,6,2,8,5,3,9,8,1
1.73958762984435,3.24177083299811,0,8,1,3,4,4,4,3,3,4,1
2.20727311264976,-1.6904158338827,0,7,8,3,8,9,9,4,5,7,6
1.68799659527423,1.81686202823625,0,5,2,7,0,1,4,8,3,6,1
1.24245652552305,1.02766732680863,0,4,6,3,6,9,1,1,8,6,7
1.91762215032863,0.784752465667057,0,7,4,8,4,5,1,9,0,7,7
2.71564058380981,1.40305745699222,0,0,1,7,6,5,3,9,5,8,4
1.31962206532059,2.52294382513362,0,4,9,7,2,8,6,2,6,9,1
1.70162394032215,2.21774601227691,0,4,4,6,3,6,2,5,3,0,2
3.06813290502343,0.928433385946338,0,0,3,1,9,3,6,1,0,9,7
2.82658429285834,0.0903329186342152,0,7,7,0,5,8,6,5,3,1,9
0.709169717980396,0.639535448065836,0,3,2,5,3,3,9,8,7,4,4
3.0980979344612,2.32027948429901,0,0,9,5,5,2,1,3,0,4,1
1.27498309862919,1.66656625618802,0,4,4,5,0,3,6,2,7,7,5
1.92537222079759,2.60859435100964,0,6,2,8,9,0,0,1,8,1,1
1.07475741835678,0.163245738401855,0,8,8,9,6,1,6,4,2,5,1
2.8710831114648,1.62336442310866,0,1,3,4,5,9,3,1,9,6,2
2.09824753323925,1.87822372857152,0,3,7,4,7,8,8,8,4,4,3
4.92993862799873,2.78685071607769,0,5,9,9,7,4,1,0,7,2,3
3.27991735565175,1.60026734320828,0,3,7,8,9,8,1,3,3,9,8
2.76653675568668,0.237452121980577,0,6,8,7,6,5,3,6,3,9,9
1.21990623412208,0.693223604937082,0,6,8,4,5,6,2,0,4,7,1
1.61553441157601,0.382653994538098,0,1,7,8,5,9,9,0,1,1,8
0.465097353827052,2.62481508273799,0,9,8,5,1,9,6,0,3,6,0
2.40503003382442,3.2559552863006,0,9,3,1,0,0,7,8,9,2,8
-0.710241400344683,2.02476436543573,0,3,6,5,8,5,6,0,4,4,7
1.79176023621972,-0.653072462160303,0,3,1,1,8,4,1,0,9,2,2
1.989502901761,1.22052491361133,0,3,2,7,1,6,1,4,6,6,4
2.09553925855717,1.29129041697807,0,7,5,9,2,7,4,6,3,2,2
1.93265020275438,1.62343506711255,0,9,8,7,2,0,6,8,4,0,9
2.53185127102854,2.77532870797796,0,0,3,6,3,8,1,8,2,0,0
-0.141561594257214,2.12729880086613,0,2,3,0,9,5,9,6,5,6,1
0.369721248953244,3.9541000854841,0,2,9,3,5,4,0,5,1,9,9
1.70626329814969,1.35203087830088,0,5,6,1,5,9,1,3,5,7,4
1.11923064787783,0.627012130870892,0,8,7,2,6,9,6,8,3,4,8
0.982694062063688,0.723346001940089,0,2,5,4,1,0,6,1,5,3,9
0.76007160849791,1.29720276347952,0,1,2,2,1,2,1,0,9,8,5
0.0565643671891467,0.579767569269064,0,8,0,2,1,6,8,9,6,8,4
2.61588426181043,2.15703585118719,0,8,4,1,4,4,8,6,3,0,6
1.7065594324845,3.91812205500354,0,7,7,8,8,6,7,4,6,0,0
0.583923680261573,0.704521594804442,0,9,0,1,6,9,8,9,2,4,4
2.23066862322472,0.583391745573319,0,0,3,8,3,9,3,6,0,9,6
0.158103322333941,1.96405356901821,0,7,2,6,4,8,1,0,8,6,2
0.189133872977845,2.46524626693638,0,9,7,3,0,8,1,6,3,3,5
0.851725034917723,1.40040826972468,0,9,1,3,0,2,0,3,9,4,9
0.520100508905505,1.43334099334496,0,4,0,6,0,7,2,3,2,1,9
1.81126461894475,3.14924223476247,0,2,0,5,8,2,9,1,0,2,0
0.732222279659277,1.9351094548575,0,0,5,0,2,1,6,2,3,3,0
1.2977648540024,2.86833485258834,0,3,7,5,8,3,1,6,8,1,0
2.9738871392714,1.85736582667989,0,9,9,5,9,8,0,5,9,5,9
0.215656494154485,2.93541194832368,0,1,1,0,2,9,8,3,1,9,7
3.44793558752472,1.12349697995745,0,6,7,9,1,3,7,7,4,7,2
0.861816805851081,1.23493793235223,0,1,1,1,0,3,3,2,8,9,3
-0.555180209402767,1.14113851399935,0,8,4,8,2,6,6,2,7,3,7
3.53595237700021,2.07496440135453,0,5,5,0,2,8,7,4,4,6,5
0.543560243492646,2.95553938632418,0,1,4,5,3,4,8,0,0,5,2
0.984115411800632,-0.637914614020377,0,2,3,9,2,2,4,2,5,2,6
2.66075907484244,1.41056193159273,0,7,9,4,7,9,9,4,1,0,4
1.73335948675872,0.988467013653583,0,9,9,0,3,2,1,3,2,2,8
1.23019811858788,2.24323283342358,0,6,0,0,5,6,5,2,5,1,7
0.872133286430625,0.947518326669633,0,8,1,8,0,4,7,0,1,2,7
2.81812221089201,3.41192234920677,0,8,7,6,6,2,0,8,3,6,2
3.73770904921298,1.12406301237599,0,7,6,3,2,9,7,8,4,4,4
1.74665233787174,0.954829894647315,0,5,3,2,8,7,0,6,6,3,1
-0.273639116050014,0.336423996355498,0,6,7,7,2,5,9,8,4,0,8
2.18285050614697,2.07870859054298,0,4,9,4,5,6,7,3,9,9,7
2.04179833914471,1.84723466860939,0,1,5,4,6,0,2,5,4,5,3
1.2757007359623,0.465865693231378,0,2,4,3,5,0,0,0,5,7,9
2.09776105399186,3.11560126808725,0,7,4,7,0,5,1,5,0,5,8
1.35484503473458,0.274669742353972,0,2,9,9,5,1,0,4,4,8,4
2.4826139289348,0.677762552213515,0,0,3,4,3,4,9,9,0,9,3
2.7086547764795,1.20195083702229,0,9,0,0,9,9,3,1,5,8,1
1.14656569776887,1.32184618553382,0,4,2,0,8,9,0,0,1,0,6
1.58404797117468,3.46074804396669,0,3,1,7,8,4,1,9,0,7,5
1.98749768174029,1.25005694415027,0,1,3,3,8,1,8,2,6,8,0
3.28101433971084,0.600450271107283,0,5,0,6,1,8,5,6,1,3,6
3.74904169806934,2.68865573869308,0,9,0,8,0,4,8,4,9,0,0
2.22860696971598,2.10869016580474,0,0,7,1,6,5,8,2,3,4,9
3.2354801095402,0.0785114600007606,0,6,8,9,9,4,7,7,4,6,3
1.78495443564768,-0.848944749610215,0,8,4,0,7,2,3,6,4,0,6
3.54143689358682,1.25055493121934,0,7,1,3,6,3,4,1,7,0,3
0.991239253030193,1.04165714607909,0,4,1,7,2,3,7,4,7,2,9
2.39931107296508,1.8483142173302,0,9,2,6,8,5,0,8,9,2,1
0.393254787669618,1.78539081662069,0,8,3,9,8,8,9,0,2,3,3
2.79917457957819,0.777467842332595,0,6,3,4,3,0,2,5,8,8,2
1.90640973141325,0.146313813290711,0,4,7,7,5,8,4,1,0,1,3
2.47129951886082,1.21567360258008,0,7,1,0,6,1,3,0,0,0,8
2.55384141321009,2.2506518689692,0,4,9,3,0,2,2,2,1,6,3
1.40878946987714,0.541052675898682,0,5,5,8,0,8,1,2,1,0,8
2.79959540267628,0.323950239683101,0,9,6,1,9,1,5,5,9,9,1
2.51619447285437,2.21648209251603,0,7,3,5,4,8,5,1,9,2,4
0.763700015500922,1.1290588343505,0,5,3,6,6,4,4,3,7,3,7
3.09015181716124,-0.745129597900643,0,0,4,4,7,4,6,1,8,9,5
2.53966328024604,0.430048560666128,0,8,1,5,1,2,3,0,1,4,1
2.89170289030569,1.18588180466148,0,0,2,4,5,4,1,5,3,7,5
0.814263009348488,1.13591578828919,0,8,2,9,1,7,1,7,9,3,1
1.92120218610318,1.00111112716341,0,9,2,3,4,4,7,8,6,0,0
1.3486150349986,0.315678532621825,0,5,3,3,3,3,4,0,4,0,7
-0.081878189992119,1.90944505561891,0,4,8,5,8,8,2,9,9,1,2
2.24234740361553,0.333949495754055,0,3,6,1,3,3,8,3,7,0,7
0.0123629807125611,-0.507197997571506,0,6,5,2,7,1,2,0,0,4,0
2.03441770549822,3.26073948501761,0,1,8,1,5,6,6,0,6,9,8
2.34252344656348,1.83957470580795,0,6,5,8,0,6,9,1,3,2,9
2.28013065018756,1.60476559743692,0,9,0,3,0,9,7,9,3,4,5
0.634593214325948,1.54098977418783,0,7,1,2,6,6,8,1,2,1,1
1.86737763412323,0.479505626868847,0,8,7,8,1,9,0,8,0,2,1
1.91327880762236,2.18399209663688,0,2,4,0,3,4,3,5,0,1,2
3.53855965022881,1.31764502914703,0,9,1,4,5,1,5,1,0,8,0
0.103510225734364,2.06387989427865,0,9,7,7,8,2,9,8,6,3,2
2.50165921900387,0.818020485344363,0,5,2,9,7,5,8,3,7,6,9
0.411179006571482,2.01163501479393,0,2,4,0,2,3,0,3,6,8,2
-0.154299077597946,2.07702422883692,0,4,0,0,0,7,6,1,5,8,5
0.532522049037893,1.87302636045898,0,2,7,9,5,7,7,0,2,7,6
2.64611776664985,2.16978861531861,0,7,4,8,4,6,3,6,6,5,0
0.779322180001004,0.733418224702544,0,2,3,4,7,5,9,2,9,1,5
1.5309520067809,0.525131393578347,0,4,5,5,6,2,2,9,5,9,2
1.94446644949632,2.46700571090338,0,3,9,4,1,9,7,5,6,2,6
3.28142576980348,0.372736654200883,0,0,2,8,2,6,8,6,4,4,6
1.89737658598723,1.57572126567619,0,6,9,5,9,0,5,3,8,7,0
3.18984532350162,1.85738061806832,0,5,8,2,6,8,9,8,3,4,9
2.08162795960734,0.0301419902914906,0,4,8,0,3,9,0,4,6,3,5
0.853157083828742,2.13511041983212,0,0,9,0,8,6,5,0,2,1,9
1.28688162617948,1.01689216552311,0,0,6,6,0,2,9,8,6,8,5
3.21945512006252,1.09135097132791,0,1,9,2,9,6,5,0,1,0,1
1.1079522159386,-0.0859455099313895,0,1,8,3,9,0,3,6,9,0,2
0.951156076985916,1.34858827820933,0,7,6,7,0,3,0,5,3,4,2
2.51080142229019,0.511537864037165,0,9,0,8,2,0,4,9,7,6,8
0.874389791727686,2.23750074867004,0,7,8,2,7,1,9,4,5,2,4
1.92921123599259,2.41868953045659,0,3,1,9,5,1,9,9,7,1,3
1.05034638038323,-1.00241556346106,0,2,7,4,4,2,1,5,1,0,8
1.42133001159587,0.717957882899356,0,3,1,0,9,6,9,8,9,4,7
1.41403797582611,-0.544576165844047,0,1,0,2,1,5,7,2,5,2,1
1.67518472689589,1.12433493369593,0,8,8,9,3,6,6,9,2,4,8
2.4034044652065,0.891610132783904,0,2,7,7,6,8,6,4,7,7,2
1.40915905220721,1.62870356193758,0,7,5,7,0,9,7,2,0,2,4
0.569875467796102,2.8179531168645,0,7,4,3,6,6,7,2,6,0,0
1.60673969114027,0.78037443003205,0,3,9,3,0,1,1,7,7,8,7
1.66651845727359,0.799130195297972,0,9,4,5,8,6,6,8,8,3,9
1.19932082390815,-0.451804245302384,0,7,1,6,3,6,7,2,6,4,4
2.32384790443537,1.97746816925183,0,0,5,3,4,1,6,2,7,9,6
0.0681338835786018,0.964522822750871,0,4,3,0,7,6,7,2,6,1,2
0.830729888807404,0.292040593649513,0,1,3,5,1,3,6,6,6,1,4
1.14539632049567,1.84923665616593,0,8,9,1,8,7,6,5,9,0,3
-0.267548769098259,2.04879587274723,0,9,1,4,5,9,7,5,8,4,3
0.758843360078421,1.42377536075306,0,6,4,8,4,1,8,2,7,0,9
0.935786919225676,2.66927195087926,0,1,2,9,4,5,0,1,1,0,8
-0.536545565305562,2.73924670958088,0,5,4,8,6,6,9,4,1,6,4
1.49337690595853,3.732565415006,0,1,9,2,2,1,3,3,1,0,0
1.20636647109294,1.72857891606934,0,3,9,3,3,7,0,9,9,8,4
0.398472702294021,1.94502786229324,0,0,6,3,2,6,0,2,6,0,1
1.14990881315362,1.47986580171395,0,2,1,3,3,4,4,3,8,9,1
2.26834580084833,1.23421229719351,0,6,3,3,0,6,6,1,8,7,9
2.83469961365574,1.60283633393394,0,3,7,8,2,0,8,2,6,0,8
1.43967600231002,2.43181243709529,0,7,3,6,4,2,5,1,4,1,3
-0.100568947921485,3.09185899314215,0,3,8,7,6,3,7,7,9,0,4
2.02734475911028,2.01752549611242,0,6,2,4,0,0,5,7,2,4,7
2.54487345532051,0.506467243300619,0,5,9,8,7,9,7,2,2,0,4
1.91167322459361,2.32816559574434,0,2,5,3,9,9,9,3,7,7,9
1.07232747197605,0.534202056323315,0,8,3,6,0,2,9,9,2,2,4
0.142736648673466,-0.521380405870107,0,7,5,5,4,3,4,2,8,6,0
2.70547262201986,0.506221006763925,0,1,9,8,9,3,1,1,0,9,6
0.0909637552791853,2.24568311198797,0,5,8,5,0,8,5,9,3,3,6
-0.461284427775277,1.60174284637095,0,3,7,2,8,2,5,5,3,7,0
1.11530499566081,1.68114570384088,0,2,7,1,6,2,1,1,1,4,0
2.29012443559754,-0.7409569391973,0,9,8,7,0,1,2,9,2,8,7
3.12600577595968,2.30629269138381,0,3,1,2,1,2,3,2,9,8,6
1.58362022574516,0.783907153373405,0,1,5,2,5,3,8,6,9,2,8
1.14999902852195,-0.201836052955751,0,9,8,1,9,4,6,7,8,5,1
3.53247098355993,2.64843998300197,0,2,2,7,7,3,4,8,1,3,9
2.60388699519542,1.69863443954655,0,1,2,1,0,3,2,4,9,0,2
2.85533096621335,1.53478895365539,0,6,8,2,5,2,3,7,3,4,0
1.00495120710543,2.81500215970386,0,2,3,4,8,2,0,8,0,9,1
0.969158704534613,0.877263186484279,0,6,1,3,8,6,8,6,0,5,5
-0.056128481345133,0.696016419615698,0,1,7,0,2,9,4,7,6,8,3
0.942257998113708,1.601960513382,0,6,1,9,2,3,2,3,1,7,8
5.00377959242264,0.338890083928963,0,6,9,5,8,7,6,3,5,1,9
2.67981710862295,1.79121999606955,0,0,5,6,2,8,3,6,7,9,4
2.56470694524333,0.0876161258369506,0,3,2,5,6,0,2,9,4,0,7
1.66159817585906,2.46740070707246,0,1,9,7,9,1,7,7,5,9,7
1.31578508493616,1.86679484658992,0,5,5,2,3,4,2,8,3,5,6
0.857516602158677,-0.35956013280753,0,9,5,7,9,8,1,2,9,1,4
2.88634302848865,2.27314728030528,0,8,8,9,7,3,7,0,2,8,3
1.23585126148144,1.92998105170539,0,6,1,4,2,8,5,3,9,4,5
2.16190821511413,1.94154862225545,0,7,2,5,7,1,2,1,2,3,1
2.45799928612046,1.20971161719891,0,2,5,4,1,3,7,1,8,7,5
3.22016009533871,0.430353635739881,0,4,8,8,7,3,2,6,2,7,1
1.85947688178577,1.27793523381264,0,1,0,4,3,4,9,6,0,4,3
1.6801890752973,2.00159057464061,0,5,8,0,6,2,9,6,1,2,9
1.51125780720759,0.466103029932984,0,0,3,6,4,8,4,7,5,8,9
2.05966995527057,2.74388986293753,0,4,6,5,1,2,0,1,3,1,9
1.92695140335071,1.53146415841419,0,3,1,4,8,7,0,3,2,6,6
0.728912355792623,2.10878799531558,0,3,4,4,3,4,0,9,5,5,8
0.801962826318095,1.679883941815,0,2,0,7,9,6,8,0,1,9,5
1.53483415561863,0.31210285328504,0,9,3,6,0,0,9,3,4,8,4
0.534432867634777,1.55313245180264,0,1,5,8,1,1,0,8,5,5,5
-0.249597233657537,0.803452509155868,0,4,2,6,6,1,4,3,0,3,5
0.396859540528641,1.38536128584402,0,0,2,4,4,8,1,7,1,4,5
1.29414279345974,0.0564222636083329,0,2,4,5,0,9,1,1,7,8,3
1.73817968208794,1.05580208813071,0,5,9,5,7,3,4,5,7,3,8
3.2931562853367,2.00122254800711,0,9,8,3,0,7,6,5,6,0,9
2.10237992290596,0.888365275159631,0,6,4,5,3,9,5,4,5,0,7
2.52245354241383,1.92388747068395,0,2,0,0,3,0,6,2,5,0,5
2.06129891882569,0.547796147750012,0,3,8,3,6,5,2,5,7,7,6
1.68935833274736,-0.216990236137068,0,9,5,0,3,0,0,7,1,0,9
2.26661413466718,1.81596928683781,0,9,0,4,2,2,7,4,2,4,8
0.764364049956405,-0.779177473877861,0,2,2,6,0,6,4,8,5,5,3
1.85827707946321,2.12473992500424,0,0,9,8,2,7,0,6,6,4,6
1.21750054845046,-0.32353267517804,0,8,8,1,7,0,5,8,2,5,1
1.58996525647797,2.92572607801441,0,5,7,5,5,8,1,0,2,9,7
3.29370784466897,2.2179990442465,0,3,3,7,4,0,6,5,2,8,2
0.326549477253687,-0.744005949964916,0,1,4,0,2,3,1,7,0,1,7
1.88784184355735,1.66408989443824,0,8,9,4,0,2,6,5,2,8,7
0.978180167337703,1.46635545176672,0,9,4,8,3,6,7,6,8,0,4
2.80852463805711,-0.864690928200546,0,8,0,8,8,7,6,7,3,1,2
0.569423517723647,1.13727208325077,0,3,5,8,7,2,5,6,6,9,6
1.78220531743405,0.60533408917906,0,5,1,4,2,4,9,7,4,8,3
1.34043748915294,1.28220814830298,0,4,9,2,2,8,7,8,4,2,7
3.0144273045119,-0.128061231785753,0,6,2,8,4,6,1,3,5,7,8
1.99070386602518,1.5272954277572,0,4,9,4,8,1,5,7,1,7,5
2.24384138283909,2.08861302762756,0,1,0,6,4,6,8,5,1,1,6
1.23676789722686,0.133562224365185,0,1,0,2,3,0,9,6,2,6,5
2.38125070475427,-0.0273400799624579,0,0,4,4,2,5,1,0,1,9,4
2.88937914361002,0.404428546650114,0,7,2,1,1,8,5,2,0,2,3
0.209225538626862,0.726299947596235,0,5,0,2,9,0,9,5,3,2,1
1.8682866346287,-0.196344441758296,0,5,1,3,0,7,5,7,4,5,8
1.20853465241201,2.26013137950387,0,0,6,1,9,7,4,4,4,4,1
0.92860483693333,-0.540876882308602,0,8,8,0,4,9,5,9,7,8,5
1.50583182591787,1.33353904412407,0,3,7,1,6,7,1,3,6,5,3
2.18186257377297,0.71849633247655,0,3,6,2,6,6,7,4,6,7,8
0.382928936932732,2.28218429318695,0,9,6,2,9,4,7,9,8,3,9
2.22283521239022,0.635859640959333,0,4,9,1,9,5,1,8,2,9,1
-0.000473001380930427,2.77816306815192,0,6,4,6,4,4,6,2,9,4,0
2.74513280844005,0.920035697683966,0,1,9,4,3,1,7,4,2,0,7
1.63142901784994,1.508701148154,0,1,7,6,5,6,5,7,1,8,3
2.28636935467431,0.748967463636134,0,9,3,8,4,2,9,6,3,3,2
1.8306622045638,2.73861711152039,0,5,7,3,4,8,4,7,2,4,9
2.24393784413707,2.49759178816359,0,5,2,7,6,0,3,3,9,1,1
0.763092728948245,-0.766577147469788,0,4,8,8,7,6,1,9,5,0,5
1.8750533293996,1.08033106466139,0,2,1,3,6,0,5,1,8,5,2
1.31576737995501,1.01993815070471,0,0,1,4,3,1,1,0,8,8,7
0.368906423578339,2.06291305188333,0,1,1,0,9,7,8,1,6,2,9
0.0219833436541728,-0.015447780412823,0,6,3,7,0,3,8,7,3,7,2
1.3211875464277,1.67880592168409,0,4,6,0,7,6,6,4,5,6,4
0.692768801806746,-0.0308946094741873,0,8,4,5,2,3,2,7,1,9,7
1.0828405127276,1.98473587295631,0,9,3,0,9,6,9,5,7,5,1
1.58881559194832,1.85826409540188,0,5,2,7,0,8,5,0,7,6,6
2.9626813534655,2.3433160333028,0,8,0,7,7,6,2,8,2,7,4
0.287503304823469,0.605339180241362,0,0,3,9,6,9,9,2,0,3,8
0.876713704619155,1.37186681558387,0,1,7,3,4,9,8,5,3,6,9
1.71508488214226,1.08332834106404,0,2,2,1,3,5,9,4,2,2,2
0.663464533806984,3.34652592460762,0,5,7,7,3,1,0,2,8,9,0
-0.0689997100446893,0.799232813782392,0,4,6,3,6,3,2,0,5,5,7
1.61796564393529,1.37433364444996,0,4,9,5,6,3,7,7,4,6,6
2.09296415101164,1.97922873215766,0,2,8,6,3,9,0,1,1,4,8
1.41570428087269,1.10257761484508,0,0,4,7,0,3,4,7,9,4,4
3.22845703465393,1.74433745841315,0,6,0,5,5,7,5,4,7,9,0
0.189879316817407,3.00217646288145,0,8,0,6,2,5,4,9,5,4,7
1.32297876419315,3.312907583854,0,3,7,9,6,6,8,2,6,2,0
0.0785230856076322,-0.589557760464576,0,2,2,1,2,5,3,3,8,4,9
1.36527029947465,1.20505761851293,0,2,4,6,9,5,3,0,0,5,7
1.25546864602071,2.14723330171271,0,5,9,1,2,3,3,7,1,1,9
3.24316481948038,2.12095731703236,0,2,5,4,1,4,4,9,6,1,9
1.2655581037293,0.674130296960031,0,6,3,8,7,7,9,7,6,8,9
0.311471889017794,2.51220502211642,0,7,6,9,0,6,4,0,8,7,8
2.32795250758522,1.71831900916839,0,8,2,3,7,0,6,7,1,1,2
0.660467156499378,1.12778041001199,0,4,9,9,6,4,2,4,9,5,2
1.34309451759005,1.82316817385293,0,2,2,0,6,8,8,2,0,3,0
2.01965534092376,3.02098131955544,0,6,2,1,7,1,8,1,2,4,1
1.9575343967208,1.64966237910571,0,2,4,6,7,2,9,7,0,0,6
0.467877154328003,0.573346601206505,0,6,4,5,5,8,3,7,4,4,6
1.26795625281452,1.74945711202261,0,8,8,1,3,8,0,6,6,0,1
0.798650407643646,0.266838168662287,0,1,2,5,5,7,5,8,5,9,2
1.95708554864128,-0.736976077514029,0,4,6,2,2,6,5,1,9,7,3
-0.160064298205972,2.69856458635239,0,8,1,5,0,9,8,8,3,9,4
2.11074581001867,0.558120436074975,0,9,0,7,0,7,0,9,3,4,8
1.28026805934355,2.63250053159004,0,5,9,1,7,7,3,1,0,2,4
4.11822390081127,1.97605976175927,0,3,0,8,7,1,4,2,4,4,6
1.02622815080928,3.37252124981549,0,6,4,3,6,7,5,9,8,7,6
2.36680463790692,0.780677945427875,0,0,9,2,5,0,0,2,8,1,0
1.11613386838742,1.94014125832105,0,4,7,3,6,4,4,2,7,4,8
2.63895108950773,1.74635168188019,0,0,4,9,7,6,2,5,0,6,1
0.742889044806383,0.879907614566781,0,6,0,9,3,1,3,4,2,7,0
1.21979439580809,1.34934361822085,0,1,0,9,1,8,2,8,7,3,1
2.82570184327715,-0.0944777513824731,0,5,1,8,8,1,0,2,0,6,5
0.798577364064505,2.06500106249203,0,9,8,4,8,4,1,8,9,7,4
1.76410520877261,2.44157124196394,0,2,4,7,4,1,3,8,4,2,7
2.12257671926014,1.18337364838064,0,4,0,2,2,4,2,9,1,9,1
1.32311001770618,1.71098056576598,0,1,9,1,7,4,0,9,2,9,9
-0.207174357008884,1.45863146821487,0,6,4,4,0,8,7,6,9,8,3
2.93667839373256,1.56786818224707,0,0,5,8,0,1,7,9,5,3,3
1.47192916341596,2.25697109510891,0,9,0,0,1,7,0,9,0,8,8
0.648595458850368,0.63501027146437,0,8,5,9,8,5,0,7,3,5,7
2.54104229919075,-0.438882985882351,0,9,7,2,8,2,3,8,7,8,4
0.775850104088359,1.56608579519236,0,0,8,5,6,3,4,5,3,8,4
1.49701866202297,2.31323806002042,0,4,8,2,5,4,5,3,2,1,6
1.68905042760438,2.09927638477667,0,9,5,9,4,1,7,3,8,1,3
2.18001977757658,1.16305760178228,0,0,4,6,5,1,4,8,4,0,5
-0.319967644678219,0.288869407539688,0,2,3,6,2,5,8,7,9,0,9
2.609235953628,3.19405903727447,0,3,3,9,2,8,5,4,0,9,0
2.1558060233977,0.314810172015253,0,8,9,1,8,1,2,3,6,9,7
-0.128983483692006,1.71992229873792,0,0,4,6,2,3,2,1,4,0,4
0.80293389018204,1.44759607261603,0,6,5,8,3,0,2,1,3,6,9
0.653071432376,0.835231497155033,0,0,6,1,5,8,8,3,5,8,1
1.27652392898104,0.79626185506947,0,1,9,3,1,7,4,2,3,1,0
2.81741669671021,2.20313600068463,0,3,9,7,5,9,5,6,4,7,4
2.39285067700099,0.66283382860695,0,0,2,8,0,4,3,6,5,2,5
-1.23581958223,0.692838588047432,0,6,5,3,8,2,5,5,2,0,2
1.57767139575282,2.15749783310482,0,1,1,2,2,4,3,0,6,4,2
-0.157333034313429,0.432964895408039,0,7,6,9,9,6,0,1,8,7,3
1.92289801204593,2.22452617592072,0,1,8,8,1,3,1,9,7,8,0
1.48420912870886,0.982697007167738,0,5,6,3,0,5,8,9,8,9,5
1.95797077832442,3.68063817704805,0,7,4,4,9,1,2,5,8,5,0
-0.963034400611511,1.27309323912126,0,4,6,1,5,0,1,1,6,5,0
1.6478311133545,1.80553584957925,0,0,4,3,4,2,3,8,7,8,8
0.818643711557999,1.21028347421269,0,8,4,7,8,9,0,8,0,9,7
0.162726771680864,1.06420915740351,0,0,4,1,8,4,4,3,5,8,1
2.24815553241548,2.73977714887675,0,7,5,2,7,0,2,6,0,6,7
1.2038640595112,0.936503042182463,0,8,3,0,4,2,1,5,7,6,8
2.29276843708163,0.722202545986886,0,6,6,1,0,8,5,4,5,7,8
2.8563952878682,1.58972247958757,0,8,6,1,8,5,9,4,6,4,0
-0.0155759982578445,1.31196824217554,0,7,3,5,2,6,5,4,9,5,4
0.422502404350652,1.46257852572309,0,5,8,6,1,7,8,9,4,0,7
0.794415395707919,2.68553944261522,0,4,1,8,8,2,4,1,1,5,0
0.833045280207475,1.24466940447098,0,2,0,0,7,9,8,6,8,8,2
1.53283461266166,1.73637580640357,0,8,2,1,3,5,9,3,3,1,3
2.39826747373656,1.10535615671803,0,7,0,8,7,2,8,3,1,2,1
0.195307109649563,1.92916609902649,0,5,2,5,7,9,8,0,9,0,6
1.02675425492755,1.67218488025061,0,4,3,5,1,5,8,7,4,3,7
1.64526254026403,1.87212834365143,0,3,7,1,8,4,3,1,0,0,0
1.66971482891714,1.36106383103852,0,3,1,3,2,3,4,8,1,8,8
3.27041603670448,1.79016599354479,0,4,7,0,5,7,0,6,0,5,4
3.82403289420791,1.77374887594109,0,8,8,9,8,3,0,4,1,7,0
0.556028919752409,2.16024389874409,0,4,9,9,4,8,3,4,4,5,2
2.46923990228125,2.09217855875845,0,9,0,5,5,9,0,4,3,8,5
0.928281098844539,1.96450689117242,0,8,2,7,9,3,0,2,3,3,5
0.262583421671819,0.0375157193539524,0,6,7,3,2,6,8,7,5,4,5
1.50244632946716,0.812753679739335,0,7,0,2,5,6,7,2,4,4,6
3.83026352990498,1.25519261077625,0,0,8,9,8,5,9,9,8,4,5
1.57798774317249,1.71553849109623,0,2,0,4,1,7,9,8,7,8,0
1.32555212301503,1.32405489011343,0,1,8,5,5,2,8,9,7,0,1
1.72701387589241,1.68587051845527,0,0,4,4,8,2,0,2,7,3,9
-0.805902223280995,1.95063825837629,0,6,5,6,3,4,0,6,3,2,3
1.0861931690135,1.12626732679075,0,0,3,4,8,1,2,4,7,6,0
1.78764390090398,0.313577309120801,0,5,8,9,5,7,1,6,1,6,4
2.1124095805429,2.34276856203153,0,4,1,1,1,7,4,9,2,6,7
-0.709215347890432,0.229650269957196,0,6,5,5,7,0,1,4,3,0,4
-0.227716463859712,1.11530281316251,0,5,1,2,3,2,3,5,8,3,5
3.14025735883343,1.29995645943057,0,0,7,6,7,6,7,6,9,8,3
-0.198658807508082,-1.23165566240978,0,8,4,6,0,8,5,6,0,3,5
1.80213922687988,2.32824867180533,0,0,2,5,1,2,3,2,8,3,5
0.223326880436497,1.66012275965118,0,8,5,7,3,7,9,4,4,2,2
0.0871009710404673,0.623037585963337,0,0,7,1,2,4,3,0,3,3,1
2.59966610662704,1.01596200767934,0,9,5,9,4,1,7,6,0,0,6
1.93989261074903,0.610938384023698,0,0,5,1,4,1,0,9,4,3,1
2.41130560342489,0.930670747688751,0,0,1,1,8,4,3,4,6,8,1
-1.44754541726606,1.38681369568403,0,2,9,1,7,5,3,5,4,0,8
1.78531640887193,1.72687985899114,0,5,6,8,2,7,5,5,3,7,1
1.93475088755014,1.44745104148227,0,9,7,2,8,9,7,6,3,3,2
1.36153489971732,-0.690995188994448,0,1,3,0,3,8,6,8,3,4,5
2.2449812809608,2.50721796353502,0,6,6,4,7,4,9,4,2,2,5
2.1577174379945,0.597919935874131,0,0,0,5,3,4,1,4,2,3,1
1.11266950291168,1.73209161590319,0,7,2,6,0,0,1,2,3,6,2
1.39953493449686,0.119227934605669,0,3,5,3,6,1,9,4,0,9,1
2.74907323541871,3.13414763238107,0,5,5,4,0,0,9,9,3,5,7
2.23608783515776,0.112196021670185,0,4,1,5,9,3,6,8,0,8,0
0.364920846200695,-0.659921926144354,0,8,8,5,7,8,2,9,8,7,0
1.33467571173954,0.316305975933897,0,6,5,3,4,2,1,8,2,2,5
2.28328038621224,3.19195846941668,0,2,7,9,7,3,3,2,5,7,8
-0.387665002005914,0.929414816854189,0,6,2,4,1,5,1,3,9,7,1
0.688924399380744,1.70868732270835,0,2,4,6,2,1,3,1,1,0,8
3.49249796629863,3.04210758055217,0,3,5,9,4,7,3,9,6,8,0
3.03867904655113,2.69167885226246,0,4,6,2,5,5,3,9,5,3,9
1.82223412842577,2.3551883011119,0,4,5,3,7,7,4,8,2,3,3
3.21672719691358,1.10257672768848,0,7,7,1,7,9,3,7,2,6,8
1.72038467834148,1.16795700152338,0,0,8,5,6,8,4,6,7,6,6
1.26694779695352,1.00777818609128,0,0,3,8,4,2,2,5,5,7,5
2.01210176467027,2.15967480087481,0,5,6,0,0,2,2,9,9,5,0
2.12473692799148,0.316076921677148,0,1,5,1,5,3,4,2,2,8,7
2.40750607465046,1.42286691994324,0,8,8,6,2,4,5,9,8,9,6
0.949213852738224,1.64830686085782,0,6,3,4,4,9,1,2,3,6,3
2.41583403803213,0.693400987968872,0,9,7,6,5,1,6,7,6,0,2
2.70345757125873,1.44420566953345,0,4,2,5,9,7,9,1,1,4,7
0.74272052289253,1.72731237413404,0,7,9,5,6,8,6,9,2,9,2
2.26992372530644,3.4948686682125,0,5,0,9,6,9,8,5,6,7,3
0.831980875389184,1.26247794603423,0,5,7,5,5,6,7,8,6,6,0
1.39898130538376,0.263766659519104,0,4,2,1,5,7,4,7,3,2,5
0.849241624505504,2.05652170568461,0,3,6,4,9,5,6,1,0,9,2
1.5645313436227,3.72269547561691,0,7,0,1,2,3,7,8,9,8,0
2.72364898410655,1.09491643488316,0,9,9,0,1,4,0,8,8,3,5
0.659524255317445,2.11171192834546,0,3,6,8,8,8,5,4,6,7,7
0.641568056995877,2.07142432975233,0,1,5,9,6,4,1,0,9,2,0
0.273802632953374,1.24571107444171,0,2,2,4,1,7,9,4,4,8,4
3.15646172115886,0.0472202960684005,0,7,5,8,6,3,8,3,9,9,9
1.62535585859452,0.560707312980736,0,5,8,1,9,6,6,3,8,3,0
1.0465517114402,2.53930081092368,0,8,7,9,4,4,8,8,2,5,5
1.32141273500702,1.07660557759397,0,7,2,6,0,2,7,7,3,6,4
1.28276059953178,1.46907033273468,0,4,5,4,0,5,0,4,8,4,2
2.87707187626754,0.301849305218076,0,4,7,0,3,2,9,5,5,3,5
1.42784814816629,3.30583814362316,0,3,6,3,4,8,6,6,0,1,0
1.66008221707183,2.52881288884498,0,0,3,4,6,5,9,7,8,6,1
3.43893551224331,0.021746855360304,0,9,8,0,9,6,7,3,8,4,1
2.04139237587835,1.79977503399918,0,1,6,9,6,0,1,6,0,5,4
1.3851999724248,1.40635101143465,0,6,1,4,6,7,1,4,3,0,2
0.666413431835455,1.44063685366775,0,7,1,2,3,7,7,6,4,2,9
0.703553703069338,2.4242365018799,0,4,6,7,4,9,9,8,1,2,3
0.187179454083765,1.95538621175041,0,3,0,2,3,6,6,8,9,8,5
2.40791571114819,1.15823860209015,0,6,8,4,7,5,3,4,8,5,4
1.72962011281865,1.85883937193996,0,5,7,9,6,0,0,2,2,9,4
2.69539214798347,1.49962141029797,0,7,2,1,9,5,1,2,6,8,6
0.853257755084884,1.42412056918091,0,3,0,0,5,5,8,4,0,3,3
1.02017803018804,-0.197267209396901,0,8,1,1,1,0,5,6,7,4,8
1.33009065138097,2.83833787833195,0,5,0,3,1,2,6,4,0,5,2
2.35705657429077,1.4196310462619,0,3,2,9,3,5,8,2,2,9,3
0.494752758387579,1.329973868211,0,9,1,8,7,7,9,9,7,7,9
1.49409016561061,1.69302987956517,0,3,6,8,7,1,5,1,7,6,5
0.565728043440026,1.98913861338863,0,5,8,6,1,9,9,8,5,7,3
-0.427070397356539,0.697754371178114,0,2,2,6,3,9,1,8,4,6,4
3.37952677528181,3.04332905313781,0,3,3,0,8,0,2,1,7,5,4
-0.112937221624271,0.609676861770083,0,5,3,8,4,5,6,4,7,2,0
2.15154165523846,1.51391811573234,0,2,7,7,0,6,0,2,6,2,5
2.26531363040652,2.69954301700581,0,9,9,7,2,4,5,1,3,1,9
2.73794347238491,2.07216771061848,0,3,4,3,5,9,5,9,9,6,5
2.49051979715046,-0.122545891272146,0,4,5,1,4,3,4,7,2,6,0
1.78453232787728,-0.711719382325211,0,1,5,2,4,4,9,1,1,7,4
1.32658678196561,0.822458118131997,0,7,1,2,9,3,5,3,2,0,8
1.32561118729328,2.00437013311019,0,3,1,9,5,4,3,4,6,1,6
1.53340539510339,0.98611281227136,0,0,7,2,2,7,5,3,1,7,4
2.02599696320281,1.6849616770516,0,6,2,7,6,4,2,4,1,1,2
2.66554487704498,2.72700295934344,0,1,2,7,2,1,5,3,7,0,9
1.92383899657294,0.460317085074961,0,2,0,2,6,6,8,9,4,5,3
1.35522011479498,2.04581667761227,0,6,2,5,8,3,3,4,3,9,4
-0.0265668995379471,1.12664204913249,0,1,0,0,4,0,2,4,3,2,6
1.00022582857797,0.808682503708499,0,8,3,7,2,1,2,2,5,6,9
-0.0694241822227661,3.27524512764196,0,0,1,0,4,7,8,6,9,8,7
1.31477836591419,-0.2953017132557,0,0,9,3,7,7,5,2,4,5,2
2.85613128278109,2.771660240772,0,4,9,2,0,9,2,7,2,9,3
1.31568259305558,1.90169761476058,0,4,0,8,3,9,1,4,8,3,5
1.35621572335646,0.657287968419073,0,6,2,4,8,5,4,0,9,8,2
2.70477168530785,1.93806479501157,0,8,5,6,2,0,5,6,0,8,4
1.80377913443244,0.00218021287986936,0,8,6,4,8,6,4,0,7,3,8
-0.90703817966629,-0.276926210463099,0,1,8,8,2,1,2,1,9,4,8
0.549271446652345,2.4256987954931,0,8,6,3,2,3,1,4,3,5,5
1.40341093273216,0.469056286511218,0,3,6,5,8,4,1,5,7,2,8
0.297067381983344,1.25267112640738,0,7,4,5,4,0,3,0,4,5,3
0.892130813590032,2.16234617729916,0,9,6,1,9,3,9,3,4,3,1
0.511121262858065,1.15864765723099,0,9,3,0,2,4,1,0,6,2,7
1.32446290312044,1.86684594592521,0,1,4,7,8,2,4,4,2,3,3
0.742766342737143,2.22437429355236,0,6,5,5,4,1,5,4,1,6,4
1.69400970784408,0.0396437816945077,0,4,5,1,0,4,9,5,6,7,3
0.378615043556393,3.7856201704615,0,1,5,3,9,2,5,9,8,3,8
1.61618174634402,1.99218311210536,0,1,3,8,5,8,6,3,7,7,9
2.38627915001364,-0.828642391367492,0,8,5,1,9,2,4,6,6,6,8
1.74804579160946,0.0659106305726487,0,9,5,5,7,5,4,2,2,7,3
0.122377036164466,1.40380427795061,0,5,0,2,2,2,2,6,5,5,3
0.765265690052701,0.313766651415863,0,9,6,6,4,6,0,1,6,4,1
0.885381881531928,0.355146600742863,0,1,4,4,7,3,5,6,8,6,9
1.71289811487789,2.31875502362711,0,9,0,2,1,7,0,6,0,5,7